{
  "emergency_details": {
    "precision": 0.967741935483871,
    "recall": 0.8333333333333334,
    "f1-score": 0.8955223880597015,
    "support": 36,
    "confused_with": {}
  },
  "city": {
    "precision": 1.0,
    "recall": 1.0,
    "f1-score": 1.0,
    "support": 5,
    "confused_with": {}
  },
  "victim_details": {
    "precision": 0.9714285714285714,
    "recall": 0.9444444444444444,
    "f1-score": 0.9577464788732395,
    "support": 72,
    "confused_with": {}
  },
  "phone_number": {
    "precision": 0.8333333333333334,
    "recall": 1.0,
    "f1-score": 0.9090909090909091,
    "support": 5,
    "confused_with": {}
  },
  "service_type": {
    "precision": 1.0,
    "recall": 0.9230769230769231,
    "f1-score": 0.9600000000000001,
    "support": 13,
    "confused_with": {
      "emergency_details": 1
    }
  },
  "street_address": {
    "precision": 0.96875,
    "recall": 1.0,
    "f1-score": 0.9841269841269841,
    "support": 31,
    "confused_with": {}
  },
  "name": {
    "precision": 1.0,
    "recall": 1.0,
    "f1-score": 1.0,
    "support": 14,
    "confused_with": {}
  },
  "postcode": {
    "precision": 1.0,
    "recall": 1.0,
    "f1-score": 1.0,
    "support": 12,
    "confused_with": {}
  },
  "micro avg": {
    "precision": 0.9725274725274725,
    "recall": 0.9414893617021277,
    "f1-score": 0.9567567567567568,
    "support": 188
  },
  "macro avg": {
    "precision": 0.967656730030722,
    "recall": 0.9626068376068376,
    "f1-score": 0.9633108450188543,
    "support": 188
  },
  "weighted avg": {
    "precision": 0.9732951249305487,
    "recall": 0.9414893617021277,
    "f1-score": 0.9560103377787955,
    "support": 188
  }
}